日期,星期,周数,阶段,平台,内容类型,内容主题,核心关键词,目标指标,负责人,状态,备注
2025-11-13,周三,Week 1,建立期,官网博客,深度文章,2025年求职市场真相：为什么90%的简历石沉大海？,智能简历投递+简历通过率+AI求职工具,阅读量>2000+停留3分钟,内容团队,待发布,首篇战略层文章
2025-11-14,周四,Week 1,建立期,知乎,深度回答,为什么你的简历总是石沉大海？,简历投递技巧+提高通过率,点赞>500+收藏>200,内容团队,待发布,痛点共鸣
2025-11-15,周五,Week 1,建立期,小红书,痛点类,🔥投了300份简历没回应？你可能用错方法了！,求职攻略+简历优化+AI工具,点赞>500+收藏率>20%,内容团队,待发布,情绪价值
2025-11-16,周六,Week 1,建立期,公众号,教程指南,简历优化完整指南：从2%到30%通过率的秘密,简历优化+投递效率提升,阅读量>1000+转化率>5%,内容团队,待发布,SEO引流
2025-11-17,周日,Week 1,建立期,知乎,问题回答,如何提高简历投递效率？,投递效率+自动化工具,点赞>300,内容团队,待发布,引流
2025-11-18,周一,Week 2,建立期,小红书,工具测评,求职必备！AI自动投递工具实测,AI工具+自动投递,点赞>800+评论率>5%,内容团队,待发布,产品曝光
2025-11-19,周二,Week 2,建立期,官网博客,技术解析,AI如何精准匹配岗位？技术原理解析,智能匹配+AI技术+岗位推荐,阅读量>1500,技术团队,待发布,建立专业度
2025-11-20,周三,Week 2,建立期,知乎,深度分析,简历投递的3大致命错误（数据分析）,简历投递策略+数据分析,点赞>600,内容团队,待发布,数据洞察
2025-11-21,周四,Week 2,建立期,小红书,对比类,手动投递vs AI投递：我亲测后震惊了,投递效率对比+AI工具,点赞>1000+分享>100,内容团队,待发布,对比反差
2025-11-22,周五,Week 2,建立期,公众号,案例故事,应届生的逆袭：如何用AI工具拿到大厂Offer,应届生求职+成功案例,阅读量>1500+转化>3%,内容团队,待发布,案例驱动
2025-11-23,周六,Week 2,建立期,B站,Vlog,我用AI找工作的全过程（3天拿到5个面试）,AI求职工具+实战案例,播放>5000+完播率>60%,视频团队,待发布,视觉化展示
2025-11-24,周日,Week 2,建立期,知乎,问题回答,智投简历这个工具怎么样？值得用吗？,智投简历+工具测评,点赞>400,内容团队,待发布,品牌建设
2025-11-25,周一,Week 3,建立期,小红书,教程类,5分钟学会智能投递简历（小白必看）,智能投递教程+操作指南,点赞>600,内容团队,待发布,降低使用门槛
2025-11-26,周二,Week 3,建立期,官网博客,方法论,个性化打招呼语的3大黄金法则,打招呼语+沟通技巧+提高回复率,阅读量>2000,内容团队,待发布,方法论输出
2025-11-27,周三,Week 3,建立期,知乎,行业分析,2025年AI如何改变求职行业？,AI技术+求职趋势+行业变革,点赞>800,内容团队,待发布,行业洞察
2025-11-28,周四,Week 3,建立期,小红书,痛点类,为什么HR从不回复你的打招呼消息？,打招呼语优化+HR视角,点赞>700,内容团队,待发布,换位思考
2025-11-29,周五,Week 3,建立期,公众号,数据报告,简历投递最佳时间分析：何时发送回复率最高？,投递时间+数据分析+回复率,阅读量>1200,数据团队,待发布,数据驱动
2025-11-30,周六,Week 3,建立期,小红书,情绪共鸣,求职焦虑？这3个方法让你效率提升10倍,求职焦虑+效率提升+心理支持,点赞>900+收藏率>25%,内容团队,待发布,情绪价值
2025-12-01,周日,Week 3,建立期,知乎,深度回答,简历投递100次没回复，问题出在哪里？,简历优化+投递策略+问题诊断,点赞>500,内容团队,待发布,问题诊断
2025-12-02,周一,Week 4,建立期,官网博客,案例合集,真实案例：10个用户的求职成功故事,成功案例+用户故事+数据展示,阅读量>2500,内容团队,待发布,信任建立
2025-12-03,周二,Week 4,建立期,小红书,工具对比,测评：5款智能简历工具，哪个最好用？,工具对比+测评+推荐,点赞>1200+收藏>300,内容团队,待发布,对比营销
2025-12-04,周三,Week 4,建立期,知乎,专业分析,ATS系统如何筛选简历？（HR揭秘）,ATS系统+简历筛选+关键词优化,点赞>700,内容团队,待发布,专业知识
2025-12-05,周四,Week 4,建立期,公众号,完整教程,智投简历使用手册：从上传到投递全流程,使用教程+完整指南+新手必看,阅读量>1500+转化>8%,产品团队,待发布,转化驱动
2025-12-06,周五,Week 4,建立期,小红书,干货分享,应届生求职最容易踩的5个坑,应届生求职+避坑指南+校招,点赞>800,内容团队,待发布,目标用户
2025-12-07,周六,Week 4,建立期,B站,教程视频,AI简历工具完整使用教程（10分钟学会）,使用教程+操作演示+AI工具,播放>8000+点赞>500,视频团队,待发布,教育市场
2025-12-08,周日,Week 4,建立期,知乎,问题回答,跳槽时如何高效投递简历？,跳槽攻略+投递策略+在职求职,点赞>400,内容团队,待发布,场景化内容
2025-12-09,周一,Week 5,增长期,小红书,效率对比,手动投递3小时 vs AI投递15分钟（真实数据）,效率对比+时间节省+AI优势,点赞>1000,内容团队,待发布,数据对比
2025-12-10,周二,Week 5,增长期,官网博客,深度分析,为什么精准匹配比海投更有效？（数据说话）,精准匹配+海投对比+投递策略,阅读量>2000,内容团队,待发布,策略输出
2025-12-11,周三,Week 5,增长期,知乎,专业回答,简历解析工具的技术原理是什么？,简历解析+AI技术+NLP,点赞>600,技术团队,待发布,技术科普
2025-12-12,周四,Week 5,增长期,小红书,成功案例,从海投到精准：我的求职方法论迭代之路,求职方法论+成功经验+效率提升,点赞>900+收藏率>30%,内容团队,待发布,方法论
2025-12-13,周五,Week 5,增长期,公众号,行业洞察,2025求职市场数据报告（完整版）,求职市场+数据报告+行业趋势,阅读量>2000+分享>200,数据团队,待发布,权威性建立
2025-12-14,周六,Week 5,增长期,小红书,痛点共鸣,投了200份简历没回应？问题可能出在这里,投递没回应+原因分析+解决方案,点赞>1100,内容团队,待发布,痛点挖掘
2025-12-15,周日,Week 5,增长期,知乎,深度文章,求职效率革命：从手动到智能的进化之路,求职效率+智能化+技术革命,点赞>800,内容团队,待发布,战略层内容
2025-12-16,周一,Week 6,增长期,官网博客,用户案例,转行人士分享：我如何3周找到新工作,转行案例+成功故事+方法论,阅读量>1800,内容团队,待发布,场景化
2025-12-17,周二,Week 6,增长期,小红书,工具推荐,求职神器推荐！AI帮你自动投简历,求职神器+AI工具+效率工具,点赞>1300+分享>150,内容团队,待发布,传播裂变
2025-12-18,周三,Week 6,增长期,知乎,问题回答,转行求职如何包装跨行业经验？,转行求职+简历包装+经验迁移,点赞>500,内容团队,待发布,转行场景
2025-12-19,周四,Week 6,增长期,公众号,教程合集,简历投递完整攻略（收藏这一篇就够了）,投递攻略+完整指南+求职宝典,阅读量>2500+收藏>500,内容团队,待发布,内容沉淀
2025-12-20,周五,Week 6,增长期,小红书,数据分析,简历通过率提升300%的秘密（数据实测）,通过率提升+数据分析+优化方法,点赞>1000,内容团队,待发布,数据驱动
2025-12-21,周六,Week 6,增长期,B站,案例Vlog,90后程序员的求职复盘：智能投递效率惊人,求职复盘+程序员案例+效率对比,播放>10000+点赞>600,视频团队,待发布,真实案例
2025-12-22,周日,Week 6,增长期,知乎,专业分析,简历匹配度是如何计算的？（算法解析）,匹配度算法+技术原理+AI分析,点赞>700,技术团队,待发布,技术深度
2025-12-23,周一,Week 7,增长期,小红书,场景类,在职跳槽怎么投简历？（低调高效）,在职跳槽+被动求职+隐私保护,点赞>900,内容团队,待发布,场景细分
2025-12-24,周二,Week 7,增长期,官网博客,方法论,投递记录管理：让你的求职有迹可循,投递记录+数据管理+效果追踪,阅读量>1500,产品团队,待发布,产品价值
2025-12-25,周三,Week 7,增长期,知乎,行业趋势,AI招聘的未来：技术如何改变人才市场,AI招聘+未来趋势+技术革命,点赞>800,内容团队,待发布,前瞻性
2025-12-26,周四,Week 7,增长期,小红书,工具技巧,简历投递黑科技！这个功能太好用了,投递技巧+功能介绍+效率工具,点赞>1100,内容团队,待发布,产品功能
2025-12-27,周五,Week 7,增长期,公众号,用户访谈,用户说：智投简历改变了我的求职方式,用户访谈+真实反馈+信任建立,阅读量>1800,运营团队,待发布,UGC内容
2025-12-28,周六,Week 7,增长期,小红书,对比类,传统投递 vs 智能投递：哪个更适合你？,投递方式对比+优劣分析+选择建议,点赞>800,内容团队,待发布,客观对比
2025-12-29,周日,Week 7,增长期,知乎,深度回答,简历投递转化率低的10大原因（全面分析）,转化率优化+问题诊断+解决方案,点赞>600,内容团队,待发布,问题汇总
2025-12-30,周一,Week 8,增长期,官网博客,数据洞察,不同行业的简历通过率对比研究,行业对比+数据研究+求职难度,阅读量>2000,数据团队,待发布,行业分析
2025-12-31,周二,Week 8,增长期,小红书,年终盘点,2025年求职市场年终盘点（应届生必看）,年终盘点+求职市场+应届生,点赞>1500+分享>200,内容团队,待发布,热点借势
2026-01-01,周三,Week 8,增长期,公众号,新年规划,2026年求职规划：如何用AI提升效率,新年规划+求职目标+AI工具,阅读量>2500,内容团队,待发布,时间节点
2026-01-02,周四,Week 8,增长期,知乎,专业分析,为什么AI生成的打招呼语回复率更高？,打招呼语+AI生成+效果分析,点赞>700,内容团队,待发布,产品价值
2026-01-03,周五,Week 8,增长期,小红书,情绪共鸣,新年求职焦虑？AI帮你高效找工作,求职焦虑+新年+AI助手,点赞>1000,内容团队,待发布,情绪+时间
2026-01-04,周六,Week 8,增长期,B站,测评视频,智能简历投递工具深度测评（15分钟完整版）,工具测评+深度分析+使用体验,播放>12000+点赞>800,视频团队,待发布,专业测评
2026-01-05,周日,Week 8,增长期,知乎,问题回答,海外归国如何高效求职？（工具推荐）,海外归国+求职攻略+工具推荐,点赞>500,内容团队,待发布,场景细分
2026-01-06,周一,Week 9,转化期,官网博客,活动预告,【内测邀请】前1000名用户，送3个月专业版！,内测邀请+福利活动+限量,阅读量>3000+注册>100,运营团队,待发布,活动预热
2026-01-07,周二,Week 9,转化期,小红书,福利活动,🔥限时福利！智投简历送3个月会员,限时福利+会员赠送+稀缺性,点赞>2000+分享>300,运营团队,待发布,活动传播
2026-01-08,周三,Week 9,转化期,知乎,活动介绍,智投简历内测邀请码限量发放（附使用攻略）,内测邀请+邀请码+使用指南,点赞>1000,运营团队,待发布,活动引流
2026-01-09,周四,Week 9,转化期,公众号,活动详情,【重磅】智投简历内测开启！限量1000名,内测开启+限量名额+抢先体验,阅读量>3500+转化>15%,运营团队,待发布,转化冲刺
2026-01-10,周五,Week 9,转化期,小红书,用户晒单,拿到内测资格啦！智投简历真的好用,用户晒单+真实体验+UGC,点赞>1500,运营团队,待发布,UGC传播
2026-01-11,周六,Week 9,转化期,B站,活动视频,智投简历内测体验：AI求职到底有多香？,内测体验+功能展示+真实反馈,播放>15000+点赞>1000,视频团队,待发布,视觉化
2026-01-12,周日,Week 9,转化期,知乎,用户案例,【案例】用智投简历3天拿到8个Offer的全过程,成功案例+详细流程+数据展示,点赞>1200,内容团队,待发布,案例驱动
2026-01-13,周一,Week 10,转化期,小红书,效果展示,用了智投简历1周，收到5个面试邀请！,效果展示+真实数据+用户反馈,点赞>1800,运营团队,待发布,效果验证
2026-01-14,周二,Week 10,转化期,官网博客,用户故事合集,【成功案例合集】20个用户的求职逆袭故事,案例合集+成功故事+信任建立,阅读量>4000,内容团队,待发布,信任强化
2026-01-15,周三,Week 10,转化期,知乎,深度分析,为什么智投简历的用户回复率是普通投递的5倍？,效果对比+数据分析+产品优势,点赞>1500,数据团队,待发布,数据说服
2026-01-16,周四,Week 10,转化期,公众号,用户访谈,【用户访谈】应届生如何用智投简历拿到大厂Offer,用户访谈+应届生+成功经验,阅读量>2500+转化>10%,运营团队,待发布,真实案例
2026-01-17,周五,Week 10,转化期,小红书,对比展示,用智投简历前后对比：效率提升10倍不是梦,前后对比+效率提升+真实数据,点赞>2000+收藏>500,内容团队,待发布,对比反差
2026-01-18,周六,Week 10,转化期,B站,案例纪录片,【纪录片】一个求职者的7天：从焦虑到Offer,求职纪录片+真实故事+情感共鸣,播放>20000+点赞>1500,视频团队,待发布,深度内容
2026-01-19,周日,Week 10,转化期,知乎,问题回答,智投简历真的能提高求职成功率吗？（真实测评）,真实测评+效果验证+数据展示,点赞>1000,内容团队,待发布,客观评价
2026-01-20,周一,Week 11,转化期,小红书,活动倒计时,⚠️最后100个名额！智投简历内测即将截止,活动倒计时+紧迫感+名额稀缺,点赞>2500+分享>400,运营团队,待发布,紧迫感
2026-01-21,周二,Week 11,转化期,官网博客,数据报告,【数据报告】智投简历用户求职效率提升分析,数据报告+效率提升+权威性,阅读量>3000,数据团队,待发布,权威背书
2026-01-22,周三,Week 11,转化期,知乎,深度文章,AI求职时代：我们如何重新定义"找工作",AI时代+求职变革+未来展望,点赞>1200,内容团队,待发布,战略层
2026-01-23,周四,Week 11,转化期,公众号,活动总结,【内测总结】1000名用户的真实反馈与数据分析,活动总结+用户反馈+数据展示,阅读量>3500,运营团队,待发布,活动收尾
2026-01-24,周五,Week 11,转化期,小红书,用户感谢,感谢智投简历！终于找到心仪的工作了,用户感谢+成功故事+情感共鸣,点赞>1500,运营团队,待发布,UGC情感
2026-01-25,周六,Week 11,转化期,B站,用户Vlog合集,【Vlog合集】10个用户的求职成功故事,Vlog合集+真实案例+多样化,播放>18000+点赞>1200,视频团队,待发布,内容沉淀
2026-01-26,周日,Week 11,转化期,知乎,行业观察,2026年招聘行业的5大趋势预测,行业趋势+招聘市场+前瞻分析,点赞>800,内容团队,待发布,行业洞察
2026-01-27,周一,Week 12,转化期,小红书,新功能预告,🎉新功能上线！智投简历再升级,新功能+产品升级+体验优化,点赞>1800,产品团队,待发布,产品迭代
2026-01-28,周二,Week 12,转化期,官网博客,功能详解,【新功能】简历优化建议：AI帮你改简历,新功能介绍+使用教程+价值展示,阅读量>2000,产品团队,待发布,产品价值
2026-01-29,周三,Week 12,转化期,知乎,专业分析,AI如何给出简历优化建议？（技术解析）,AI技术+简历优化+算法原理,点赞>700,技术团队,待发布,技术科普
2026-01-30,周四,Week 12,转化期,公众号,教程更新,【完整教程】智投简历2.0使用指南（新手必看）,使用教程+完整指南+新版本,阅读量>2500+转化>12%,产品团队,待发布,教育用户
2026-01-31,周五,Week 12,转化期,小红书,功能对比,智投简历新功能 vs 其他工具：哪个更强？,功能对比+竞品分析+优势展示,点赞>1500,内容团队,待发布,竞品对比
2026-02-01,周六,Week 12,转化期,B站,功能演示,【功能演示】智投简历新功能全体验（20分钟）,功能演示+详细讲解+实操教学,播放>15000+点赞>1000,视频团队,待发布,功能教育
2026-02-02,周日,Week 12,转化期,知乎,问题回答,智投简历的简历优化功能怎么样？,简历优化+功能评测+使用体验,点赞>600,内容团队,待发布,功能反馈
2026-02-03,周一,Week 13,留存期,官网博客,季度总结,【季度总结】智投简历3个月成长数据与用户故事,季度总结+数据展示+用户故事,阅读量>3500,运营团队,待发布,阶段总结
2026-02-04,周二,Week 13,留存期,小红书,社群邀请,加入智投简历求职社群！5000+求职者在这里,社群邀请+用户运营+价值展示,点赞>1200+加群>200,运营团队,待发布,社群建设
2026-02-05,周三,Week 13,留存期,知乎,深度文章,求职不应该是一场"概率游戏",求职思考+方法论+价值观,点赞>1000,内容团队,待发布,价值观输出
2026-02-06,周四,Week 13,留存期,公众号,用户故事,【用户故事】从迷茫到清晰：我的求职蜕变之路,用户故事+成长经历+情感共鸣,阅读量>2000,运营团队,待发布,情感连接
2026-02-07,周五,Week 13,留存期,小红书,干货分享,求职效率提升的10个小技巧（建议收藏）,求职技巧+效率提升+干货合集,点赞>1500+收藏>400,内容团队,待发布,价值输出
2026-02-08,周六,Week 13,留存期,B站,年度回顾,【年度回顾】智投简历的2025：用户故事与产品进化,年度回顾+用户故事+产品迭代,播放>12000+点赞>800,视频团队,待发布,品牌建设
2026-02-09,周日,Week 13,留存期,知乎,问题回答,2026年还需要用智能求职工具吗？,工具价值+市场趋势+长期使用,点赞>700,内容团队,待发布,持续价值
